phase,csv_file,row_index,submitter_id,nacc_id,prompt_tokens,completion_tokens,total_tokens,timestamp
phase2b_statement,statement.csv,1,40,62,1533,500,2033,2025-12-06T23:20:05.245421
phase2b_statement,statement.csv,6,80,63,1568,500,2068,2025-12-06T23:20:05.246577
phase2b_statement,statement.csv,9,80,63,1572,500,2072,2025-12-06T23:20:05.282234
phase2b_statement,statement.csv,10,80,63,1556,500,2056,2025-12-06T23:20:05.491469
phase2b_statement,statement.csv,5,40,62,1522,500,2022,2025-12-06T23:20:05.492681
phase2b_statement,statement.csv,3,40,62,1517,500,2017,2025-12-06T23:20:05.571212
phase2b_statement,statement.csv,4,40,62,1534,500,2034,2025-12-06T23:20:05.657954
phase2b_statement,statement.csv,7,80,63,1566,500,2066,2025-12-06T23:20:05.702881
phase2b_statement,statement.csv,8,80,63,1570,500,2070,2025-12-06T23:20:05.763617
phase2b_statement,statement.csv,2,40,62,1530,500,2030,2025-12-06T23:20:06.172187
phase2b_statement,statement.csv,17,68,1587,1596,500,2096,2025-12-06T23:20:08.759212
phase2b_statement,statement.csv,18,68,1587,1602,500,2102,2025-12-06T23:20:08.905140
phase2b_statement,statement.csv,15,68,1587,1598,500,2098,2025-12-06T23:20:08.910549
phase2b_statement,statement.csv,19,68,1587,1589,500,2089,2025-12-06T23:20:08.976644
phase2b_statement,statement.csv,20,42,663,1568,500,2068,2025-12-06T23:20:09.293829
phase2b_statement,statement.csv,14,67,1550,1534,500,2034,2025-12-06T23:20:09.509212
phase2b_statement,statement.csv,12,41,168,1572,500,2072,2025-12-06T23:20:09.662884
phase2b_statement,statement.csv,16,68,1587,1597,500,2097,2025-12-06T23:20:09.932582
phase2b_statement,statement.csv,11,41,168,1559,500,2059,2025-12-06T23:20:10.084617
phase2b_statement,statement.csv,13,67,1550,1533,500,2033,2025-12-06T23:20:11.857018
phase2b_statement,statement.csv,24,81,1807,1561,500,2061,2025-12-06T23:20:12.431965
phase2b_statement,statement.csv,25,81,1807,1561,500,2061,2025-12-06T23:20:13.011659
phase2b_statement,statement.csv,22,42,663,1569,500,2069,2025-12-06T23:20:13.127229
phase2b_statement,statement.csv,26,81,1807,1560,500,2060,2025-12-06T23:20:13.182476
phase2b_statement,statement.csv,29,75,1702,1564,500,2064,2025-12-06T23:20:13.506173
phase2b_statement,statement.csv,23,42,663,1555,500,2055,2025-12-06T23:20:13.736486
phase2b_statement,statement.csv,27,81,1807,1567,500,2067,2025-12-06T23:20:13.751988
phase2b_statement,statement.csv,28,81,1807,1565,500,2065,2025-12-06T23:20:13.856151
phase2b_statement,statement.csv,21,42,663,1562,500,2062,2025-12-06T23:20:13.926392
phase2b_statement,statement.csv,31,75,1702,1563,500,2063,2025-12-06T23:20:15.413026
phase2b_statement,statement.csv,33,75,1702,1569,500,2069,2025-12-06T23:20:16.379528
phase2b_statement,statement.csv,35,44,292,1564,500,2064,2025-12-06T23:20:16.597721
phase2b_statement,statement.csv,30,75,1702,1564,500,2064,2025-12-06T23:20:17.098393
phase2b_statement,statement.csv,37,44,292,1570,500,2070,2025-12-06T23:20:17.619650
phase2b_statement,statement.csv,36,44,292,1565,500,2065,2025-12-06T23:20:17.631552
phase2b_statement,statement.csv,38,44,292,1569,500,2069,2025-12-06T23:20:17.730179
phase2b_statement,statement.csv,39,45,428,1563,500,2063,2025-12-06T23:20:17.914514
phase2b_statement,statement.csv,32,75,1702,1569,500,2069,2025-12-06T23:20:17.948182
phase2b_statement,statement.csv,34,44,292,1566,500,2066,2025-12-06T23:20:18.807885
phase2b_statement,statement.csv,40,45,428,1563,500,2063,2025-12-06T23:20:20.430693
phase2b_statement,statement.csv,43,82,1913,1584,500,2084,2025-12-06T23:20:20.443310
phase2b_statement,statement.csv,42,45,428,1565,500,2065,2025-12-06T23:20:21.066404
phase2b_statement,statement.csv,41,45,428,1562,500,2062,2025-12-06T23:20:21.144815
phase2b_statement,statement.csv,45,82,1913,1585,500,2085,2025-12-06T23:20:21.385192
phase2b_statement,statement.csv,44,82,1913,1583,500,2083,2025-12-06T23:20:21.386664
phase2b_statement,statement.csv,46,82,1913,1588,500,2088,2025-12-06T23:20:21.613837
phase2b_statement,statement.csv,47,82,1913,1575,500,2075,2025-12-06T23:20:22.364751
phase2b_statement,statement.csv,48,53,907,1591,500,2091,2025-12-06T23:20:22.501195
phase2b_statement,statement.csv,49,53,907,1587,500,2087,2025-12-06T23:20:23.969196
phase2b_statement,statement.csv,50,53,907,1590,500,2090,2025-12-06T23:20:25.053852
phase2b_statement,statement.csv,51,53,907,1594,500,2094,2025-12-06T23:20:25.179776
phase2b_statement,statement.csv,53,47,674,1584,500,2084,2025-12-06T23:20:25.485335
phase2b_statement,statement.csv,52,47,674,1586,500,2086,2025-12-06T23:20:25.522305
phase2b_statement,statement.csv,56,48,727,1604,500,2104,2025-12-06T23:20:25.552724
phase2b_statement,statement.csv,57,48,727,1604,500,2104,2025-12-06T23:20:26.081924
phase2b_statement,statement.csv,58,48,727,1605,500,2105,2025-12-06T23:20:26.304070
phase2b_statement,statement.csv,55,47,674,1586,500,2086,2025-12-06T23:20:26.346302
phase2b_statement,statement.csv,54,47,674,1586,459,2045,2025-12-06T23:20:26.669332
phase2b_statement,statement.csv,62,76,1742,1261,500,1761,2025-12-06T23:20:28.854080
phase2b_statement,statement.csv,64,50,818,1611,500,2111,2025-12-06T23:20:29.089929
phase2b_statement,statement.csv,61,76,1742,1261,500,1761,2025-12-06T23:20:29.494132
phase2b_statement,statement.csv,60,76,1742,1261,500,1761,2025-12-06T23:20:29.523291
phase2b_statement,statement.csv,65,50,818,1617,500,2117,2025-12-06T23:20:29.827231
phase2b_statement,statement.csv,66,50,818,1606,500,2106,2025-12-06T23:20:29.941544
phase2b_statement,statement.csv,63,50,818,1617,500,2117,2025-12-06T23:20:30.192880
phase2b_statement,statement.csv,67,56,902,1611,500,2111,2025-12-06T23:20:30.313292
phase2b_statement,statement.csv,59,48,727,1604,500,2104,2025-12-06T23:20:30.399977
phase2b_statement,statement.csv,68,56,902,1607,500,2107,2025-12-06T23:20:30.645024
phase2b_statement,statement.csv,69,56,902,1610,500,2110,2025-12-06T23:20:33.056255
phase2b_statement,statement.csv,70,56,902,1599,500,2099,2025-12-06T23:20:33.495954
phase2b_statement,statement.csv,72,57,885,1291,500,1791,2025-12-06T23:20:33.541251
phase2b_statement,statement.csv,77,73,2420,1578,500,2078,2025-12-06T23:20:33.858584
phase2b_statement,statement.csv,76,65,1970,1171,500,1671,2025-12-06T23:20:34.004985
phase2b_statement,statement.csv,73,57,885,1296,500,1796,2025-12-06T23:20:34.352747
phase2b_statement,statement.csv,71,57,885,1293,500,1793,2025-12-06T23:20:34.715281
phase2b_statement,statement.csv,74,57,885,1282,500,1782,2025-12-06T23:20:34.726763
phase2b_statement,statement.csv,75,65,1970,1167,500,1667,2025-12-06T23:20:34.763069
phase2b_statement,statement.csv,78,73,2420,1601,500,2101,2025-12-06T23:20:35.465688
phase2b_statement,statement.csv,80,73,2420,1603,500,2103,2025-12-06T23:20:37.200758
phase2b_statement,statement.csv,81,73,2420,1587,500,2087,2025-12-06T23:20:37.390431
phase2b_statement,statement.csv,79,73,2420,1577,500,2077,2025-12-06T23:20:37.856566
phase2b_statement,statement.csv,83,74,2434,1265,500,1765,2025-12-06T23:20:37.908635
phase2b_statement,statement.csv,84,74,2434,1266,500,1766,2025-12-06T23:20:38.209726
phase2b_statement,statement.csv,82,74,2434,1266,500,1766,2025-12-06T23:20:38.215251
phase2b_statement,statement.csv,87,78,2445,1188,500,1688,2025-12-06T23:20:38.312687
phase2b_statement,statement.csv,86,78,2445,1186,500,1686,2025-12-06T23:20:38.521186
phase2b_statement,statement.csv,85,74,2434,1264,500,1764,2025-12-06T23:20:38.575323
phase2b_statement,statement.csv,88,78,2445,1191,500,1691,2025-12-06T23:20:39.948370
phase2b_statement,statement.csv,89,66,2448,1262,500,1762,2025-12-06T23:20:40.969968
phase2b_statement,statement.csv,90,66,2448,1260,500,1760,2025-12-06T23:20:41.506441
phase2b_statement,statement.csv,92,66,2448,1253,500,1753,2025-12-06T23:20:41.659574
phase2b_statement,statement.csv,91,66,2448,1266,500,1766,2025-12-06T23:20:42.182103
phase2b_statement,statement_detail.csv,7,40,62,1506,500,2006,2025-12-06T23:20:45.390515
phase2b_statement,statement_detail.csv,2,40,62,1517,500,2017,2025-12-06T23:20:45.404079
phase2b_statement,statement_detail.csv,5,40,62,1519,500,2019,2025-12-06T23:20:45.425878
phase2b_statement,statement_detail.csv,8,40,62,1520,500,2020,2025-12-06T23:20:45.428945
phase2b_statement,statement_detail.csv,6,40,62,1507,500,2007,2025-12-06T23:20:45.469912
phase2b_statement,statement_detail.csv,9,40,62,1518,500,2018,2025-12-06T23:20:45.754603
phase2b_statement,statement_detail.csv,4,40,62,1531,500,2031,2025-12-06T23:20:45.965960
phase2b_statement,statement_detail.csv,3,40,62,1517,500,2017,2025-12-06T23:20:46.002442
phase2b_statement,statement_detail.csv,10,40,62,1508,500,2008,2025-12-06T23:20:46.034354
phase2b_statement,statement_detail.csv,1,40,62,1517,500,2017,2025-12-06T23:20:46.257468
phase2b_statement,statement_detail.csv,14,40,62,1507,500,2007,2025-12-06T23:20:49.060590
phase2b_statement,statement_detail.csv,15,40,62,1517,500,2017,2025-12-06T23:20:49.237315
phase2b_statement,statement_detail.csv,17,40,62,1508,500,2008,2025-12-06T23:20:49.546282
phase2b_statement,statement_detail.csv,18,40,62,1517,500,2017,2025-12-06T23:20:49.562517
phase2b_statement,statement_detail.csv,12,40,62,1518,500,2018,2025-12-06T23:20:49.734219
phase2b_statement,statement_detail.csv,16,40,62,1517,500,2017,2025-12-06T23:20:49.782979
phase2b_statement,statement_detail.csv,13,40,62,1518,500,2018,2025-12-06T23:20:49.795966
phase2b_statement,statement_detail.csv,19,40,62,1534,500,2034,2025-12-06T23:20:49.992534
phase2b_statement,statement_detail.csv,20,40,62,1522,500,2022,2025-12-06T23:20:50.189364
phase2b_statement,statement_detail.csv,11,40,62,1518,500,2018,2025-12-06T23:20:50.277305
phase2b_statement,statement_detail.csv,21,40,62,1509,500,2009,2025-12-06T23:20:52.297083
phase2b_statement,statement_detail.csv,22,40,62,1518,500,2018,2025-12-06T23:20:53.353104
phase2b_statement,statement_detail.csv,23,40,62,1518,500,2018,2025-12-06T23:20:53.581351
phase2b_statement,statement_detail.csv,28,40,62,1507,500,2007,2025-12-06T23:20:53.756837
phase2b_statement,statement_detail.csv,26,40,62,1518,500,2018,2025-12-06T23:20:53.819213
phase2b_statement,statement_detail.csv,25,40,62,1534,500,2034,2025-12-06T23:20:53.938496
phase2b_statement,statement_detail.csv,24,40,62,1518,500,2018,2025-12-06T23:20:53.975098
phase2b_statement,statement_detail.csv,27,40,62,1522,500,2022,2025-12-06T23:20:54.003480
phase2b_statement,statement_detail.csv,29,40,62,1507,500,2007,2025-12-06T23:20:54.026216
phase2b_statement,statement_detail.csv,30,80,63,1557,500,2057,2025-12-06T23:20:54.228935
phase2b_statement,statement_detail.csv,32,80,63,1556,500,2056,2025-12-06T23:20:57.485152
phase2b_statement,statement_detail.csv,31,80,63,1557,500,2057,2025-12-06T23:20:57.492075
phase2b_statement,statement_detail.csv,38,80,63,1566,500,2066,2025-12-06T23:20:57.675879
phase2b_statement,statement_detail.csv,39,80,63,1566,500,2066,2025-12-06T23:20:57.709261
phase2b_statement,statement_detail.csv,37,80,63,1557,500,2057,2025-12-06T23:20:57.758629
phase2b_statement,statement_detail.csv,40,80,63,1566,500,2066,2025-12-06T23:20:58.242595
phase2b_statement,statement_detail.csv,34,80,63,1556,500,2056,2025-12-06T23:20:58.290455
phase2b_statement,statement_detail.csv,36,80,63,1566,500,2066,2025-12-06T23:20:58.330967
phase2b_statement,statement_detail.csv,33,80,63,1556,500,2056,2025-12-06T23:20:58.679167
phase2b_statement,statement_detail.csv,35,80,63,1566,500,2066,2025-12-06T23:20:58.778319
phase2b_statement,statement_detail.csv,44,80,63,1566,500,2066,2025-12-06T23:21:01.036570
phase2b_statement,statement_detail.csv,42,80,63,1566,500,2066,2025-12-06T23:21:01.058685
phase2b_statement,statement_detail.csv,45,80,63,1571,500,2071,2025-12-06T23:21:01.190425
phase2b_statement,statement_detail.csv,43,80,63,1566,500,2066,2025-12-06T23:21:01.445336
phase2b_statement,statement_detail.csv,47,80,63,1572,500,2072,2025-12-06T23:21:01.599262
phase2b_statement,statement_detail.csv,41,80,63,1566,500,2066,2025-12-06T23:21:01.862159
phase2b_statement,statement_detail.csv,49,80,63,1572,500,2072,2025-12-06T23:21:02.680177
phase2b_statement,statement_detail.csv,46,80,63,1571,500,2071,2025-12-06T23:21:02.694636
phase2b_statement,statement_detail.csv,48,80,63,1572,500,2072,2025-12-06T23:21:02.758470
phase2b_statement,statement_detail.csv,50,80,63,1557,500,2057,2025-12-06T23:21:02.966334
phase2b_statement,statement_detail.csv,55,80,63,1569,500,2069,2025-12-06T23:21:04.854505
phase2b_statement,statement_detail.csv,53,80,63,1567,500,2067,2025-12-06T23:21:05.017767
phase2b_statement,statement_detail.csv,56,80,63,1556,500,2056,2025-12-06T23:21:05.399378
phase2b_statement,statement_detail.csv,54,80,63,1569,500,2069,2025-12-06T23:21:05.403948
phase2b_statement,statement_detail.csv,51,80,63,1567,500,2067,2025-12-06T23:21:05.558866
phase2b_statement,statement_detail.csv,52,80,63,1557,500,2057,2025-12-06T23:21:05.807049
phase2b_statement,statement_detail.csv,58,41,168,1569,500,2069,2025-12-06T23:21:06.489073
phase2b_statement,statement_detail.csv,60,41,168,1557,500,2057,2025-12-06T23:21:07.766282
phase2b_statement,statement_detail.csv,59,41,168,1568,500,2068,2025-12-06T23:21:08.062177
phase2b_statement,statement_detail.csv,57,41,168,1556,500,2056,2025-12-06T23:21:08.572852
phase2b_statement,statement_detail.csv,63,41,168,1546,500,2046,2025-12-06T23:21:09.000360
phase2b_statement,statement_detail.csv,64,41,168,1560,500,2060,2025-12-06T23:21:09.018012
phase2b_statement,statement_detail.csv,61,41,168,1559,500,2059,2025-12-06T23:21:09.223530
phase2b_statement,statement_detail.csv,67,67,1550,1536,500,2036,2025-12-06T23:21:09.694046
phase2b_statement,statement_detail.csv,65,41,168,1557,500,2057,2025-12-06T23:21:10.197320
phase2b_statement,statement_detail.csv,62,41,168,1557,500,2057,2025-12-06T23:21:10.771847
phase2b_statement,statement_detail.csv,66,67,1550,1536,500,2036,2025-12-06T23:21:10.808533
phase2b_statement,statement_detail.csv,70,67,1550,1544,459,2003,2025-12-06T23:21:12.310071
phase2b_statement,statement_detail.csv,68,67,1550,1544,500,2044,2025-12-06T23:21:12.555120
phase2b_statement,statement_detail.csv,72,68,1587,1597,500,2097,2025-12-06T23:21:12.915324
phase2b_statement,statement_detail.csv,69,67,1550,1544,500,2044,2025-12-06T23:21:13.025199
phase2b_statement,statement_detail.csv,71,67,1550,1533,500,2033,2025-12-06T23:21:13.297982
phase2b_statement,statement_detail.csv,73,68,1587,1598,500,2098,2025-12-06T23:21:13.540626
phase2b_statement,statement_detail.csv,75,68,1587,1598,500,2098,2025-12-06T23:21:13.858696
phase2b_statement,statement_detail.csv,74,68,1587,1597,500,2097,2025-12-06T23:21:14.339240
phase2b_statement,statement_detail.csv,76,68,1587,1596,500,2096,2025-12-06T23:21:14.678170
phase2b_statement,statement_detail.csv,77,68,1587,1597,500,2097,2025-12-06T23:21:14.987007
phase2b_statement,statement_detail.csv,78,68,1587,1597,500,2097,2025-12-06T23:21:16.515018
phase2b_statement,statement_detail.csv,82,68,1587,1598,500,2098,2025-12-06T23:21:16.947846
phase2b_statement,statement_detail.csv,81,68,1587,1600,500,2100,2025-12-06T23:21:16.999038
phase2b_statement,statement_detail.csv,85,68,1587,1598,500,2098,2025-12-06T23:21:17.511733
phase2b_statement,statement_detail.csv,83,68,1587,1587,500,2087,2025-12-06T23:21:17.677111
phase2b_statement,statement_detail.csv,80,68,1587,1601,500,2101,2025-12-06T23:21:17.816506
phase2b_statement,statement_detail.csv,79,68,1587,1596,500,2096,2025-12-06T23:21:18.152502
phase2b_statement,statement_detail.csv,84,68,1587,1597,500,2097,2025-12-06T23:21:18.908388
phase2b_statement,statement_detail.csv,87,68,1587,1587,500,2087,2025-12-06T23:21:19.757824
phase2b_statement,statement_detail.csv,86,68,1587,1589,500,2089,2025-12-06T23:21:20.243950
phase2b_statement,statement_detail.csv,88,42,663,1564,500,2064,2025-12-06T23:21:20.766241
phase2b_statement,statement_detail.csv,92,42,663,1563,500,2063,2025-12-06T23:21:21.381076
phase2b_statement,statement_detail.csv,93,42,663,1568,500,2068,2025-12-06T23:21:21.727268
phase2b_statement,statement_detail.csv,90,42,663,1567,500,2067,2025-12-06T23:21:21.742766
phase2b_statement,statement_detail.csv,94,42,663,1568,500,2068,2025-12-06T23:21:21.963309
phase2b_statement,statement_detail.csv,89,42,663,1567,500,2067,2025-12-06T23:21:22.599706
phase2b_statement,statement_detail.csv,96,42,663,1553,500,2053,2025-12-06T23:21:23.197541
phase2b_statement,statement_detail.csv,95,42,663,1568,500,2068,2025-12-06T23:21:23.282889
phase2b_statement,statement_detail.csv,91,42,663,1563,500,2063,2025-12-06T23:21:23.396813
phase2b_statement,statement_detail.csv,97,42,663,1565,500,2065,2025-12-06T23:21:24.728362
phase2b_statement,statement_detail.csv,101,42,663,1555,500,2055,2025-12-06T23:21:24.881133
phase2b_statement,statement_detail.csv,99,42,663,1565,500,2065,2025-12-06T23:21:24.893414
phase2b_statement,statement_detail.csv,100,42,663,1564,500,2064,2025-12-06T23:21:25.173916
phase2b_statement,statement_detail.csv,102,81,1807,1561,500,2061,2025-12-06T23:21:25.410134
phase2b_statement,statement_detail.csv,98,42,663,1553,500,2053,2025-12-06T23:21:25.555362
phase2b_statement,statement_detail.csv,103,81,1807,1562,500,2062,2025-12-06T23:21:26.143995
phase2b_statement,statement_detail.csv,104,81,1807,1561,500,2061,2025-12-06T23:21:26.281071
phase2b_statement,statement_detail.csv,106,81,1807,1566,500,2066,2025-12-06T23:21:28.189594
phase2b_statement,statement_detail.csv,107,81,1807,1566,500,2066,2025-12-06T23:21:28.853504
phase2b_statement,statement_detail.csv,111,81,1807,1551,500,2051,2025-12-06T23:21:29.347151
phase2b_statement,statement_detail.csv,105,81,1807,1561,500,2061,2025-12-06T23:21:29.520061
phase2b_statement,statement_detail.csv,112,81,1807,1553,500,2053,2025-12-06T23:21:29.560524
phase2b_statement,statement_detail.csv,109,81,1807,1551,500,2051,2025-12-06T23:21:29.631381
phase2b_statement,statement_detail.csv,110,81,1807,1562,500,2062,2025-12-06T23:21:29.652341
phase2b_statement,statement_detail.csv,113,81,1807,1562,500,2062,2025-12-06T23:21:30.087966
phase2b_statement,statement_detail.csv,108,81,1807,1553,500,2053,2025-12-06T23:21:30.197231
phase2b_statement,statement_detail.csv,114,81,1807,1564,500,2064,2025-12-06T23:21:30.252404
phase2b_statement,statement_detail.csv,115,81,1807,1553,500,2053,2025-12-06T23:21:33.146183
phase2b_statement,statement_detail.csv,119,75,1702,1564,500,2064,2025-12-06T23:21:33.493653
phase2b_statement,statement_detail.csv,116,81,1807,1553,500,2053,2025-12-06T23:21:33.496434
phase2b_statement,statement_detail.csv,118,75,1702,1564,500,2064,2025-12-06T23:21:33.567205
phase2b_statement,statement_detail.csv,120,75,1702,1564,500,2064,2025-12-06T23:21:33.697888
phase2b_statement,statement_detail.csv,117,81,1807,1553,500,2053,2025-12-06T23:21:34.110221
phase2b_statement,statement_detail.csv,121,75,1702,1568,500,2068,2025-12-06T23:21:34.113121
phase2b_statement,statement_detail.csv,122,75,1702,1568,500,2068,2025-12-06T23:21:34.164824
phase2b_statement,statement_detail.csv,124,75,1702,1565,500,2065,2025-12-06T23:21:34.848879
phase2b_statement,statement_detail.csv,123,75,1702,1565,500,2065,2025-12-06T23:21:35.112055
phase2b_statement,statement_detail.csv,125,75,1702,1569,500,2069,2025-12-06T23:21:37.116407
phase2b_statement,statement_detail.csv,129,75,1702,1567,500,2067,2025-12-06T23:21:37.120015
phase2b_statement,statement_detail.csv,126,75,1702,1568,500,2068,2025-12-06T23:21:37.599083
phase2b_statement,statement_detail.csv,128,75,1702,1564,500,2064,2025-12-06T23:21:37.753259
phase2b_statement,statement_detail.csv,130,75,1702,1569,500,2069,2025-12-06T23:21:38.227521
phase2b_statement,statement_detail.csv,132,44,292,1565,500,2065,2025-12-06T23:21:38.308259
phase2b_statement,statement_detail.csv,131,44,292,1565,500,2065,2025-12-06T23:21:38.330768
phase2b_statement,statement_detail.csv,133,44,292,1554,500,2054,2025-12-06T23:21:38.956441
phase2b_statement,statement_detail.csv,127,75,1702,1563,500,2063,2025-12-06T23:21:39.139331
phase2b_statement,statement_detail.csv,134,44,292,1554,500,2054,2025-12-06T23:21:39.268706
phase2b_statement,statement_detail.csv,135,44,292,1564,500,2064,2025-12-06T23:21:40.646424
phase2b_statement,statement_detail.csv,136,44,292,1564,500,2064,2025-12-06T23:21:40.902132
phase2b_statement,statement_detail.csv,138,44,292,1564,500,2064,2025-12-06T23:21:41.198955
phase2b_statement,statement_detail.csv,137,44,292,1566,500,2066,2025-12-06T23:21:41.452445
phase2b_statement,statement_detail.csv,141,44,292,1564,500,2064,2025-12-06T23:21:42.193617
phase2b_statement,statement_detail.csv,142,44,292,1564,500,2064,2025-12-06T23:21:42.442872
phase2b_statement,statement_detail.csv,143,44,292,1555,500,2055,2025-12-06T23:21:43.401687
phase2b_statement,statement_detail.csv,139,44,292,1554,500,2054,2025-12-06T23:21:43.605496
phase2b_statement,statement_detail.csv,140,44,292,1564,500,2064,2025-12-06T23:21:43.672156
phase2b_statement,statement_detail.csv,144,44,292,1566,500,2066,2025-12-06T23:21:43.757938
phase2b_statement,statement_detail.csv,146,44,292,1568,500,2068,2025-12-06T23:21:44.601396
phase2b_statement,statement_detail.csv,147,44,292,1568,500,2068,2025-12-06T23:21:44.699775
phase2b_statement,statement_detail.csv,145,44,292,1566,500,2066,2025-12-06T23:21:44.818916
phase2b_statement,statement_detail.csv,148,44,292,1554,500,2054,2025-12-06T23:21:45.407626
phase2b_statement,statement_detail.csv,149,44,292,1566,500,2066,2025-12-06T23:21:45.914297
phase2b_statement,statement_detail.csv,150,44,292,1566,500,2066,2025-12-06T23:21:46.133467
phase2b_statement,statement_detail.csv,152,44,292,1569,500,2069,2025-12-06T23:21:47.326311
phase2b_statement,statement_detail.csv,151,44,292,1555,500,2055,2025-12-06T23:21:47.418476
phase2b_statement,statement_detail.csv,153,44,292,1554,500,2054,2025-12-06T23:21:47.630185
phase2b_statement,statement_detail.csv,154,44,292,1556,500,2056,2025-12-06T23:21:47.827879
phase2b_statement,statement_detail.csv,155,44,292,1557,500,2057,2025-12-06T23:21:48.014449
phase2b_statement,statement_detail.csv,156,44,292,1557,500,2057,2025-12-06T23:21:48.470126
phase2b_statement,statement_detail.csv,157,45,428,1562,500,2062,2025-12-06T23:21:48.554371
phase2b_statement,statement_detail.csv,158,45,428,1562,500,2062,2025-12-06T23:21:49.148700
phase2b_statement,statement_detail.csv,160,45,428,1563,500,2063,2025-12-06T23:21:49.772636
phase2b_statement,statement_detail.csv,162,45,428,1563,500,2063,2025-12-06T23:21:50.594339
phase2b_statement,statement_detail.csv,159,45,428,1563,500,2063,2025-12-06T23:21:50.623678
phase2b_statement,statement_detail.csv,163,45,428,1563,500,2063,2025-12-06T23:21:50.755489
phase2b_statement,statement_detail.csv,164,45,428,1565,500,2065,2025-12-06T23:21:51.439660
phase2b_statement,statement_detail.csv,165,45,428,1565,500,2065,2025-12-06T23:21:51.440445
phase2b_statement,statement_detail.csv,161,45,428,1562,500,2062,2025-12-06T23:21:51.887567
phase2b_statement,statement_detail.csv,168,45,428,1562,500,2062,2025-12-06T23:21:53.087554
phase2b_statement,statement_detail.csv,167,45,428,1563,500,2063,2025-12-06T23:21:53.341380
phase2b_statement,statement_detail.csv,166,45,428,1562,500,2062,2025-12-06T23:21:53.503900
phase2b_statement,statement_detail.csv,169,45,428,1562,500,2062,2025-12-06T23:21:54.081507
phase2b_statement,statement_detail.csv,170,45,428,1563,500,2063,2025-12-06T23:21:54.474562
phase2b_statement,statement_detail.csv,172,82,1913,1582,500,2082,2025-12-06T23:21:54.649296
phase2b_statement,statement_detail.csv,173,82,1913,1582,500,2082,2025-12-06T23:21:54.992588
phase2b_statement,statement_detail.csv,174,82,1913,1586,500,2086,2025-12-06T23:21:55.007888
phase2b_statement,statement_detail.csv,171,82,1913,1584,500,2084,2025-12-06T23:21:55.147393
phase2b_statement,statement_detail.csv,175,82,1913,1586,500,2086,2025-12-06T23:21:55.262485
phase2b_statement,statement_detail.csv,176,82,1913,1574,500,2074,2025-12-06T23:21:56.744201
phase2b_statement,statement_detail.csv,178,82,1913,1588,500,2088,2025-12-06T23:21:57.206349
phase2b_statement,statement_detail.csv,177,82,1913,1586,500,2086,2025-12-06T23:21:57.374286
phase2b_statement,statement_detail.csv,179,82,1913,1588,500,2088,2025-12-06T23:21:57.860091
phase2b_statement,statement_detail.csv,180,82,1913,1573,500,2073,2025-12-06T23:21:58.210980
phase2b_statement,statement_detail.csv,181,82,1913,1573,500,2073,2025-12-06T23:21:58.318641
phase2b_statement,statement_detail.csv,182,82,1913,1583,500,2083,2025-12-06T23:21:58.556064
phase2b_statement,statement_detail.csv,183,82,1913,1583,500,2083,2025-12-06T23:21:58.703791
phase2b_statement,statement_detail.csv,185,82,1913,1575,500,2075,2025-12-06T23:21:59.070697
phase2b_statement,statement_detail.csv,184,82,1913,1584,500,2084,2025-12-06T23:21:59.106771
phase2b_statement,statement_detail.csv,187,53,907,1590,500,2090,2025-12-06T23:22:00.349402
phase2b_statement,statement_detail.csv,186,82,1913,1575,500,2075,2025-12-06T23:22:00.350069
phase2b_statement,statement_detail.csv,188,53,907,1590,500,2090,2025-12-06T23:22:00.826035
phase2b_statement,statement_detail.csv,191,53,907,1578,500,2078,2025-12-06T23:22:01.682176
phase2b_statement,statement_detail.csv,189,53,907,1589,500,2089,2025-12-06T23:22:02.034047
phase2b_statement,statement_detail.csv,192,53,907,1588,500,2088,2025-12-06T23:22:02.052580
phase2b_statement,statement_detail.csv,193,53,907,1589,500,2089,2025-12-06T23:22:02.056334
phase2b_statement,statement_detail.csv,190,53,907,1578,500,2078,2025-12-06T23:22:02.093207
phase2b_statement,statement_detail.csv,194,53,907,1588,500,2088,2025-12-06T23:22:02.536714
phase2b_statement,statement_detail.csv,195,53,907,1588,500,2088,2025-12-06T23:22:03.128838
phase2b_statement,statement_detail.csv,196,53,907,1591,500,2091,2025-12-06T23:22:03.727857
phase2b_statement,statement_detail.csv,197,53,907,1591,500,2091,2025-12-06T23:22:03.827598
phase2b_statement,statement_detail.csv,198,53,907,1592,500,2092,2025-12-06T23:22:04.225118
phase2b_statement,statement_detail.csv,199,53,907,1592,500,2092,2025-12-06T23:22:04.911461
phase2b_statement,statement_detail.csv,204,53,907,1580,500,2080,2025-12-06T23:22:05.869264
phase2b_statement,statement_detail.csv,201,53,907,1579,500,2079,2025-12-06T23:22:05.988392
phase2b_statement,statement_detail.csv,203,53,907,1590,500,2090,2025-12-06T23:22:06.004018
phase2b_statement,statement_detail.csv,202,53,907,1579,500,2079,2025-12-06T23:22:06.004459
phase2b_statement,statement_detail.csv,200,53,907,1592,500,2092,2025-12-06T23:22:06.833870
phase2b_statement,statement_detail.csv,205,53,907,1580,500,2080,2025-12-06T23:22:06.926788
phase2b_statement,statement_detail.csv,208,47,674,1584,500,2084,2025-12-06T23:22:07.793774
phase2b_statement,statement_detail.csv,207,47,674,1584,500,2084,2025-12-06T23:22:07.906719
phase2b_statement,statement_detail.csv,206,53,907,1578,500,2078,2025-12-06T23:22:08.271385
phase2b_statement,statement_detail.csv,210,47,674,1584,500,2084,2025-12-06T23:22:09.413275
phase2b_statement,statement_detail.csv,209,47,674,1585,500,2085,2025-12-06T23:22:09.414746
phase2b_statement,statement_detail.csv,213,47,674,1583,500,2083,2025-12-06T23:22:09.456557
phase2b_statement,statement_detail.csv,211,47,674,1584,500,2084,2025-12-06T23:22:09.535478
phase2b_statement,statement_detail.csv,214,47,674,1583,500,2083,2025-12-06T23:22:10.215039
phase2b_statement,statement_detail.csv,215,47,674,1583,500,2083,2025-12-06T23:22:10.220361
phase2b_statement,statement_detail.csv,212,47,674,1583,500,2083,2025-12-06T23:22:10.426653
phase2b_statement,statement_detail.csv,216,47,674,1584,500,2084,2025-12-06T23:22:11.073029
phase2b_statement,statement_detail.csv,217,47,674,1584,500,2084,2025-12-06T23:22:12.523086
phase2b_statement,statement_detail.csv,218,47,674,1583,500,2083,2025-12-06T23:22:12.711547
phase2b_statement,statement_detail.csv,219,47,674,1583,500,2083,2025-12-06T23:22:13.572695
phase2b_statement,statement_detail.csv,220,47,674,1583,500,2083,2025-12-06T23:22:13.670592
phase2b_statement,statement_detail.csv,221,47,674,1586,500,2086,2025-12-06T23:22:13.977808
phase2b_statement,statement_detail.csv,223,47,674,1584,500,2084,2025-12-06T23:22:14.290690
phase2b_statement,statement_detail.csv,225,47,674,1584,500,2084,2025-12-06T23:22:14.435781
phase2b_statement,statement_detail.csv,222,47,674,1584,500,2084,2025-12-06T23:22:14.487375
phase2b_statement,statement_detail.csv,224,47,674,1583,500,2083,2025-12-06T23:22:14.838882
phase2b_statement,statement_detail.csv,226,47,674,1585,500,2085,2025-12-06T23:22:15.236714
phase2b_statement,statement_detail.csv,228,47,674,1584,500,2084,2025-12-06T23:22:16.897193
phase2b_statement,statement_detail.csv,230,48,727,1602,500,2102,2025-12-06T23:22:17.546327
phase2b_statement,statement_detail.csv,227,47,674,1584,500,2084,2025-12-06T23:22:17.810221
phase2b_statement,statement_detail.csv,231,48,727,1604,500,2104,2025-12-06T23:22:18.321966
phase2b_statement,statement_detail.csv,229,48,727,1601,500,2101,2025-12-06T23:22:18.518332
phase2b_statement,statement_detail.csv,232,48,727,1604,500,2104,2025-12-06T23:22:18.609342
phase2b_statement,statement_detail.csv,233,48,727,1603,500,2103,2025-12-06T23:22:18.770672
phase2b_statement,statement_detail.csv,236,48,727,1603,500,2103,2025-12-06T23:22:19.089810
phase2b_statement,statement_detail.csv,235,48,727,1602,500,2102,2025-12-06T23:22:19.359166
phase2b_statement,statement_detail.csv,234,48,727,1602,500,2102,2025-12-06T23:22:19.825803
phase2b_statement,statement_detail.csv,239,48,727,1605,500,2105,2025-12-06T23:22:20.898417
phase2b_statement,statement_detail.csv,237,48,727,1602,500,2102,2025-12-06T23:22:21.955139
phase2b_statement,statement_detail.csv,240,48,727,1604,500,2104,2025-12-06T23:22:21.956191
phase2b_statement,statement_detail.csv,241,48,727,1604,500,2104,2025-12-06T23:22:22.126896
phase2b_statement,statement_detail.csv,238,48,727,1604,500,2104,2025-12-06T23:22:22.181127
phase2b_statement,statement_detail.csv,243,48,727,1602,500,2102,2025-12-06T23:22:22.350046
phase2b_statement,statement_detail.csv,242,48,727,1604,500,2104,2025-12-06T23:22:22.360911
phase2b_statement,statement_detail.csv,244,48,727,1602,500,2102,2025-12-06T23:22:22.646717
phase2b_statement,statement_detail.csv,245,48,727,1603,500,2103,2025-12-06T23:22:23.392675
phase2b_statement,statement_detail.csv,246,48,727,1603,500,2103,2025-12-06T23:22:24.046868
phase2b_statement,statement_detail.csv,247,48,727,1604,500,2104,2025-12-06T23:22:24.831395
phase2b_statement,statement_detail.csv,248,48,727,1604,500,2104,2025-12-06T23:22:25.750603
phase2b_statement,statement_detail.csv,249,76,1742,1261,500,1761,2025-12-06T23:22:25.762567
phase2b_statement,statement_detail.csv,250,76,1742,1261,500,1761,2025-12-06T23:22:26.353828
phase2b_statement,statement_detail.csv,251,76,1742,1261,500,1761,2025-12-06T23:22:26.376622
phase2b_statement,statement_detail.csv,255,76,1742,1261,500,1761,2025-12-06T23:22:26.525518
phase2b_statement,statement_detail.csv,252,76,1742,1261,500,1761,2025-12-06T23:22:26.855890
phase2b_statement,statement_detail.csv,253,76,1742,1261,500,1761,2025-12-06T23:22:26.958699
phase2b_statement,statement_detail.csv,254,76,1742,1261,500,1761,2025-12-06T23:22:27.378667
phase2b_statement,statement_detail.csv,256,76,1742,1263,500,1763,2025-12-06T23:22:28.441648
phase2b_statement,statement_detail.csv,257,76,1742,1261,500,1761,2025-12-06T23:22:28.987647
phase2b_statement,statement_detail.csv,260,50,818,1590,500,2090,2025-12-06T23:22:29.446250
phase2b_statement,statement_detail.csv,264,50,818,1591,500,2091,2025-12-06T23:22:30.027334
phase2b_statement,statement_detail.csv,261,50,818,1590,500,2090,2025-12-06T23:22:30.181154
phase2b_statement,statement_detail.csv,259,50,818,1590,500,2090,2025-12-06T23:22:30.185021
phase2b_statement,statement_detail.csv,262,50,818,1590,500,2090,2025-12-06T23:22:30.381747
phase2b_statement,statement_detail.csv,265,50,818,1600,500,2100,2025-12-06T23:22:30.661358
phase2b_statement,statement_detail.csv,258,76,1742,1261,500,1761,2025-12-06T23:22:31.186504
phase2b_statement,statement_detail.csv,263,50,818,1615,500,2115,2025-12-06T23:22:31.242800
phase2b_statement,statement_detail.csv,266,50,818,1590,500,2090,2025-12-06T23:22:31.998653
phase2b_statement,statement_detail.csv,271,50,818,1601,500,2101,2025-12-06T23:22:33.732246
phase2b_statement,statement_detail.csv,267,50,818,1602,500,2102,2025-12-06T23:22:33.771938
phase2b_statement,statement_detail.csv,269,50,818,1602,500,2102,2025-12-06T23:22:33.892908
phase2b_statement,statement_detail.csv,270,50,818,1600,500,2100,2025-12-06T23:22:34.071237
phase2b_statement,statement_detail.csv,268,50,818,1600,500,2100,2025-12-06T23:22:34.228975
phase2b_statement,statement_detail.csv,273,50,818,1602,500,2102,2025-12-06T23:22:34.611443
phase2b_statement,statement_detail.csv,272,50,818,1600,500,2100,2025-12-06T23:22:34.775337
phase2b_statement,statement_detail.csv,276,50,818,1593,500,2093,2025-12-06T23:22:35.740077
phase2b_statement,statement_detail.csv,278,50,818,1602,500,2102,2025-12-06T23:22:36.978830
phase2b_statement,statement_detail.csv,274,50,818,1606,500,2106,2025-12-06T23:22:37.037915
phase2b_statement,statement_detail.csv,277,50,818,1602,500,2102,2025-12-06T23:22:37.051926
phase2b_statement,statement_detail.csv,275,50,818,1593,500,2093,2025-12-06T23:22:37.172732
phase2b_statement,statement_detail.csv,281,50,818,1602,500,2102,2025-12-06T23:22:38.047241
phase2b_statement,statement_detail.csv,282,50,818,1606,500,2106,2025-12-06T23:22:38.157027
phase2b_statement,statement_detail.csv,283,50,818,1606,500,2106,2025-12-06T23:22:38.391172
phase2b_statement,statement_detail.csv,284,50,818,1590,500,2090,2025-12-06T23:22:39.387782
phase2b_statement,statement_detail.csv,280,50,818,1617,500,2117,2025-12-06T23:22:39.694627
phase2b_statement,statement_detail.csv,279,50,818,1602,500,2102,2025-12-06T23:22:40.229130
phase2b_statement,statement_detail.csv,285,56,902,1599,500,2099,2025-12-06T23:22:40.539906
phase2b_statement,statement_detail.csv,286,56,902,1599,500,2099,2025-12-06T23:22:40.552572
phase2b_statement,statement_detail.csv,289,56,902,1598,500,2098,2025-12-06T23:22:41.760439
phase2b_statement,statement_detail.csv,287,56,902,1600,500,2100,2025-12-06T23:22:41.860655
phase2b_statement,statement_detail.csv,290,56,902,1598,500,2098,2025-12-06T23:22:41.908845
phase2b_statement,statement_detail.csv,288,56,902,1608,500,2108,2025-12-06T23:22:42.031402
phase2b_statement,statement_detail.csv,291,56,902,1598,500,2098,2025-12-06T23:22:42.265851
phase2b_statement,statement_detail.csv,293,56,902,1598,500,2098,2025-12-06T23:22:43.583634
phase2b_statement,statement_detail.csv,294,56,902,1598,500,2098,2025-12-06T23:22:43.599186
phase2b_statement,statement_detail.csv,292,56,902,1608,500,2108,2025-12-06T23:22:44.449740
phase2b_statement,statement_detail.csv,296,56,902,1599,500,2099,2025-12-06T23:22:44.602187
phase2b_statement,statement_detail.csv,295,56,902,1598,500,2098,2025-12-06T23:22:45.213790
phase2b_statement,statement_detail.csv,300,56,902,1599,500,2099,2025-12-06T23:22:45.301811
phase2b_statement,statement_detail.csv,297,56,902,1599,500,2099,2025-12-06T23:22:45.466694
phase2b_statement,statement_detail.csv,298,56,902,1611,500,2111,2025-12-06T23:22:45.575786
phase2b_statement,statement_detail.csv,299,56,902,1601,500,2101,2025-12-06T23:22:45.618854
phase2b_statement,statement_detail.csv,301,56,902,1599,500,2099,2025-12-06T23:22:45.875069
phase2b_statement,statement_detail.csv,302,56,902,1612,500,2112,2025-12-06T23:22:47.077804
phase2b_statement,statement_detail.csv,303,56,902,1610,500,2110,2025-12-06T23:22:47.239209
phase2b_statement,statement_detail.csv,306,57,885,1280,500,1780,2025-12-06T23:22:48.192665
phase2b_statement,statement_detail.csv,307,57,885,1280,500,1780,2025-12-06T23:22:48.461365
phase2b_statement,statement_detail.csv,305,56,902,1599,500,2099,2025-12-06T23:22:48.601984
phase2b_statement,statement_detail.csv,304,56,902,1598,500,2098,2025-12-06T23:22:48.699167
phase2b_statement,statement_detail.csv,311,57,885,1282,500,1782,2025-12-06T23:22:48.913652
phase2b_statement,statement_detail.csv,309,57,885,1290,500,1790,2025-12-06T23:22:49.111505
phase2b_statement,statement_detail.csv,310,57,885,1290,500,1790,2025-12-06T23:22:49.152215
phase2b_statement,statement_detail.csv,308,57,885,1292,500,1792,2025-12-06T23:22:50.243890
phase2b_statement,statement_detail.csv,312,57,885,1291,500,1791,2025-12-06T23:22:50.283082
phase2b_statement,statement_detail.csv,313,57,885,1291,500,1791,2025-12-06T23:22:50.518769
phase2b_statement,statement_detail.csv,314,57,885,1290,500,1790,2025-12-06T23:22:51.505762
phase2b_statement,statement_detail.csv,315,57,885,1290,500,1790,2025-12-06T23:22:51.679309
phase2b_statement,statement_detail.csv,317,57,885,1282,500,1782,2025-12-06T23:22:51.910072
phase2b_statement,statement_detail.csv,316,57,885,1280,500,1780,2025-12-06T23:22:52.013340
phase2b_statement,statement_detail.csv,319,57,885,1291,500,1791,2025-12-06T23:22:52.282691
phase2b_statement,statement_detail.csv,320,57,885,1290,500,1790,2025-12-06T23:22:52.403744
phase2b_statement,statement_detail.csv,318,57,885,1291,500,1791,2025-12-06T23:22:52.883264
phase2b_statement,statement_detail.csv,321,57,885,1280,500,1780,2025-12-06T23:22:53.640826
phase2b_statement,statement_detail.csv,323,57,885,1296,500,1796,2025-12-06T23:22:53.710784
phase2b_statement,statement_detail.csv,322,57,885,1289,500,1789,2025-12-06T23:22:54.586245
phase2b_statement,statement_detail.csv,324,57,885,1296,500,1796,2025-12-06T23:22:54.674579
phase2b_statement,statement_detail.csv,325,57,885,1296,500,1796,2025-12-06T23:22:54.727984
phase2b_statement,statement_detail.csv,326,57,885,1292,500,1792,2025-12-06T23:22:55.226471
phase2b_statement,statement_detail.csv,327,57,885,1292,500,1792,2025-12-06T23:22:55.321918
phase2b_statement,statement_detail.csv,329,57,885,1289,500,1789,2025-12-06T23:22:55.726342
phase2b_statement,statement_detail.csv,328,57,885,1291,500,1791,2025-12-06T23:22:55.883562
phase2b_statement,statement_detail.csv,330,57,885,1292,500,1792,2025-12-06T23:22:56.030795
phase2b_statement,statement_detail.csv,331,57,885,1282,500,1782,2025-12-06T23:22:56.888826
phase2b_statement,statement_detail.csv,332,57,885,1282,500,1782,2025-12-06T23:22:57.458417
phase2b_statement,statement_detail.csv,335,65,1970,1171,500,1671,2025-12-06T23:22:58.038338
phase2b_statement,statement_detail.csv,333,65,1970,1157,500,1657,2025-12-06T23:22:58.057571
phase2b_statement,statement_detail.csv,334,65,1970,1166,500,1666,2025-12-06T23:22:58.108024
phase2b_statement,statement_detail.csv,336,65,1970,1171,500,1671,2025-12-06T23:22:58.629752
phase2b_statement,statement_detail.csv,338,65,1970,1169,500,1669,2025-12-06T23:22:58.994927
phase2b_statement,statement_detail.csv,339,65,1970,1156,500,1656,2025-12-06T23:22:59.077818
phase2b_statement,statement_detail.csv,337,65,1970,1159,500,1659,2025-12-06T23:22:59.404378
phase2b_statement,statement_detail.csv,340,65,1970,1157,500,1657,2025-12-06T23:22:59.696380
phase2b_statement,statement_detail.csv,341,65,1970,1169,500,1669,2025-12-06T23:23:00.341343
phase2b_statement,statement_detail.csv,342,73,2420,1578,500,2078,2025-12-06T23:23:00.595575
phase2b_statement,statement_detail.csv,344,73,2420,1587,500,2087,2025-12-06T23:23:01.288703
phase2b_statement,statement_detail.csv,345,73,2420,1587,500,2087,2025-12-06T23:23:02.083355
phase2b_statement,statement_detail.csv,346,73,2420,1601,500,2101,2025-12-06T23:23:02.087574
phase2b_statement,statement_detail.csv,348,73,2420,1578,500,2078,2025-12-06T23:23:02.256571
phase2b_statement,statement_detail.csv,349,73,2420,1578,500,2078,2025-12-06T23:23:02.556705
phase2b_statement,statement_detail.csv,350,73,2420,1603,500,2103,2025-12-06T23:23:02.875075
phase2b_statement,statement_detail.csv,347,73,2420,1576,500,2076,2025-12-06T23:23:02.955173
phase2b_statement,statement_detail.csv,343,73,2420,1588,459,2047,2025-12-06T23:23:03.081746
phase2b_statement,statement_detail.csv,351,73,2420,1601,500,2101,2025-12-06T23:23:03.490597
phase2b_statement,statement_detail.csv,352,73,2420,1587,500,2087,2025-12-06T23:23:04.465213
phase2b_statement,statement_detail.csv,355,73,2420,1589,500,2089,2025-12-06T23:23:05.292863
phase2b_statement,statement_detail.csv,353,73,2420,1586,500,2086,2025-12-06T23:23:05.563119
phase2b_statement,statement_detail.csv,356,73,2420,1599,500,2099,2025-12-06T23:23:05.692101
phase2b_statement,statement_detail.csv,354,73,2420,1587,500,2087,2025-12-06T23:23:05.740234
phase2b_statement,statement_detail.csv,357,73,2420,1588,500,2088,2025-12-06T23:23:05.833423
phase2b_statement,statement_detail.csv,359,73,2420,1587,500,2087,2025-12-06T23:23:06.726429
phase2b_statement,statement_detail.csv,361,74,2434,1264,500,1764,2025-12-06T23:23:07.061661
phase2b_statement,statement_detail.csv,358,73,2420,1597,500,2097,2025-12-06T23:23:07.331947
phase2b_statement,statement_detail.csv,362,74,2434,1264,500,1764,2025-12-06T23:23:08.174048
phase2b_statement,statement_detail.csv,364,74,2434,1264,500,1764,2025-12-06T23:23:08.825045
phase2b_statement,statement_detail.csv,360,74,2434,1253,500,1753,2025-12-06T23:23:08.866334
phase2b_statement,statement_detail.csv,365,74,2434,1265,500,1765,2025-12-06T23:23:08.909890
phase2b_statement,statement_detail.csv,366,74,2434,1266,500,1766,2025-12-06T23:23:08.927691
phase2b_statement,statement_detail.csv,367,74,2434,1264,500,1764,2025-12-06T23:23:09.178557
phase2b_statement,statement_detail.csv,363,74,2434,1265,500,1765,2025-12-06T23:23:09.487667
phase2b_statement,statement_detail.csv,368,74,2434,1251,500,1751,2025-12-06T23:23:09.662660
phase2b_statement,statement_detail.csv,369,74,2434,1251,500,1751,2025-12-06T23:23:09.973885
phase2b_statement,statement_detail.csv,370,74,2434,1262,500,1762,2025-12-06T23:23:11.089084
phase2b_statement,statement_detail.csv,371,74,2434,1262,500,1762,2025-12-06T23:23:12.035999
phase2b_statement,statement_detail.csv,374,78,2445,1176,500,1676,2025-12-06T23:23:12.071161
phase2b_statement,statement_detail.csv,375,78,2445,1175,500,1675,2025-12-06T23:23:12.139187
phase2b_statement,statement_detail.csv,376,78,2445,1186,500,1686,2025-12-06T23:23:12.498775
phase2b_statement,statement_detail.csv,377,78,2445,1176,500,1676,2025-12-06T23:23:12.744741
phase2b_statement,statement_detail.csv,372,74,2434,1264,500,1764,2025-12-06T23:23:12.999069
phase2b_statement,statement_detail.csv,373,74,2434,1264,500,1764,2025-12-06T23:23:13.001678
phase2b_statement,statement_detail.csv,379,78,2445,1175,500,1675,2025-12-06T23:23:13.354655
phase2b_statement,statement_detail.csv,378,78,2445,1177,500,1677,2025-12-06T23:23:13.420645
phase2b_statement,statement_detail.csv,380,78,2445,1177,500,1677,2025-12-06T23:23:15.086759
phase2b_statement,statement_detail.csv,382,78,2445,1191,500,1691,2025-12-06T23:23:15.592365
phase2b_statement,statement_detail.csv,381,78,2445,1175,500,1675,2025-12-06T23:23:15.819126
phase2b_statement,statement_detail.csv,383,78,2445,1191,500,1691,2025-12-06T23:23:16.008073
phase2b_statement,statement_detail.csv,388,78,2445,1176,500,1676,2025-12-06T23:23:16.391197
phase2b_statement,statement_detail.csv,387,78,2445,1187,500,1687,2025-12-06T23:23:16.411098
phase2b_statement,statement_detail.csv,389,78,2445,1176,500,1676,2025-12-06T23:23:16.805830
phase2b_statement,statement_detail.csv,386,78,2445,1187,500,1687,2025-12-06T23:23:16.865325
phase2b_statement,statement_detail.csv,385,78,2445,1176,500,1676,2025-12-06T23:23:16.990479
phase2b_statement,statement_detail.csv,384,78,2445,1191,500,1691,2025-12-06T23:23:17.324061
phase2b_statement,statement_detail.csv,390,66,2448,1251,500,1751,2025-12-06T23:23:18.490031
phase2b_statement,statement_detail.csv,391,66,2448,1249,500,1749,2025-12-06T23:23:18.818746
phase2b_statement,statement_detail.csv,392,66,2448,1269,500,1769,2025-12-06T23:23:20.144554
phase2b_statement,statement_detail.csv,393,66,2448,1249,500,1749,2025-12-06T23:23:20.183323
phase2b_statement,statement_detail.csv,395,66,2448,1251,500,1751,2025-12-06T23:23:20.704047
phase2b_statement,statement_detail.csv,394,66,2448,1249,500,1749,2025-12-06T23:23:20.888935
phase2b_statement,statement_detail.csv,397,66,2448,1259,500,1759,2025-12-06T23:23:21.005115
phase2b_statement,statement_detail.csv,396,66,2448,1260,500,1760,2025-12-06T23:23:21.079005
phase2b_statement,statement_detail.csv,399,66,2448,1250,500,1750,2025-12-06T23:23:21.241625
phase2b_statement,statement_detail.csv,398,66,2448,1250,500,1750,2025-12-06T23:23:21.329065
phase2b_statement,statement_detail.csv,400,66,2448,1251,500,1751,2025-12-06T23:23:22.597614
phase2b_statement,statement_detail.csv,401,66,2448,1260,500,1760,2025-12-06T23:23:22.679456
phase2b_statement,statement_detail.csv,403,66,2448,1250,500,1750,2025-12-06T23:23:23.394490
phase2b_statement,statement_detail.csv,402,66,2448,1259,500,1759,2025-12-06T23:23:23.852343
phase2b_statement,statement_detail.csv,404,66,2448,1250,500,1750,2025-12-06T23:23:24.483496
phase2b_statement,statement_detail.csv,405,66,2448,1260,500,1760,2025-12-06T23:23:25.037057
phase2b_statement,statement_detail.csv,408,66,2448,1253,500,1753,2025-12-06T23:23:25.113806
phase2b_statement,statement_detail.csv,409,66,2448,1262,500,1762,2025-12-06T23:23:25.146295
phase2b_statement,statement_detail.csv,407,66,2448,1266,500,1766,2025-12-06T23:23:25.866470
phase2b_statement,statement_detail.csv,411,66,2448,1262,500,1762,2025-12-06T23:23:25.901514
phase2b_statement,statement_detail.csv,406,66,2448,1260,500,1760,2025-12-06T23:23:26.430967
phase2b_statement,statement_detail.csv,412,66,2448,1262,500,1762,2025-12-06T23:23:26.715428
phase2b_statement,statement_detail.csv,410,66,2448,1262,500,1762,2025-12-06T23:23:27.164927
phase2b_statement,statement_detail.csv,413,66,2448,1251,500,1751,2025-12-06T23:23:27.270810
phase2b_statement,statement_detail.csv,414,66,2448,1253,500,1753,2025-12-06T23:23:28.042008
phase2b_statement,statement_detail.csv,415,66,2448,1253,470,1723,2025-12-06T23:23:28.385848
